薬剤一般名,薬剤商品名,効果効能,Tmax/hr,薬効分類,効果発現時間,注意点,一般名・成分名,禁忌・重要な注意,作用機序・薬理作用,重大な副作用,看護のポイント,出典,出典URL,最終確認日,参照製品
"アドレナリン注0.1%シリンジ「テルモ」",,"心停止時の補助治療, 急性低血圧・ショック時の補助治療, 気管支喘息などの気管支痙攣",,"アドレナリン製剤",,,"アドレナリン","抗精神病薬・α遮断薬との併用は禁忌（アナフィラキシーショックの救急治療時を除く）。他のカテコールアミン製剤・アドレナリン作動薬との併用も禁忌（蘇生等の緊急時を除く）。過度の昇圧や血管外漏出に注意する。","α・βアドレナリン受容体を刺激し、血管収縮、心収縮力増強、気管支拡張作用を示す。","肺水腫、呼吸困難、心停止。","心電図、血圧、心拍数、呼吸状態、末梢循環を継続観察する。静脈投与では血管外漏出を確認し、炭酸水素ナトリウムとの混注を避ける。","PMDA 電子添文","https://www.pmda.go.jp/PmdaSearch/iyakuDetail/ResultDataSetPDF/470034_2451402G1040_1_06","2026-07-23","アドレナリン注0.1%シリンジ「テルモ」"
"ノルアドリナリン注1mg",,"急性低血圧・ショック時の補助治療",,"血圧上昇剤",,,"ノルアドレナリン","アドレナリン、イソプレナリン等のカテコールアミン製剤投与中は禁忌。過度の昇圧、末梢虚血、血管外漏出に注意する。","主にα受容体を刺激して血管を収縮させ血圧を上昇させる。","徐脈。","持続的に血圧・心電図・末梢循環・尿量を観察する。過度の昇圧では肺水腫、不整脈、心停止等を生じ得る。投与ルートと刺入部を頻回に確認する。","PMDA 電子添文","https://www.pmda.go.jp/PmdaSearch/iyakuDetail/ResultDataSetPDF/530258_2451401A1034_2_04","2026-07-23","ノルアドリナリン注1mg"
"ミオコールスプレー0.3mg",,"狭心症発作の寛解",,"速効性硝酸薬",,,"ニトログリセリン","重篤な低血圧・心原性ショック、閉塞隅角緑内障、頭部外傷・脳出血、高度貧血、硝酸薬過敏症は禁忌。PDE5阻害薬・リオシグアトと併用しない。","一酸化窒素を介して血管平滑筋を弛緩させ、冠血管を拡張するとともに心臓の前負荷を軽減する。","電子添文の「重大な副作用」欄に記載なし。過度の血圧低下・意識消失に注意する。","投与前後の血圧、脈拍、胸痛、頭痛、めまいを観察する。舌下へ噴霧し吸入しないよう使用方法を確認する。","PMDA 電子添文","https://www.pmda.go.jp/PmdaSearch/iyakuDetail/ResultDataSetPDF/480008_2171701R4038_1_08","2026-07-23","ミオコールスプレー0.3mg"
"アトロピン注0.05%シリンジ「テルモ」",,"迷走神経性徐脈・房室伝導障害, 麻酔前投薬・ECT前投与, 消化管・胆管の痙攣や分泌亢進, 尿管の痙攣, 有機リン系殺虫剤など副交感神経興奮薬による中毒",,"アトロピン製剤",,,"アトロピン硫酸塩水和物","閉塞隅角緑内障、前立腺肥大による排尿障害、麻痺性イレウス、成分過敏症は禁忌。重篤な心疾患では頻脈・心室細動に注意する。","ムスカリン受容体でアセチルコリンに競合的に拮抗し、分泌・平滑筋運動・迷走神経作用を抑制する。","ショック、アナフィラキシー。","心拍数・心電図、口渇、体温、瞳孔、腸蠕動、尿閉を観察する。シリンジ濃度と投与量を照合する。","PMDA 電子添文","https://www.pmda.go.jp/PmdaSearch/iyakuDetail/ResultDataSetPDF/470034_1242406G1035_1_09","2026-07-23","アトロピン注0.05%シリンジ「テルモ」"
"ペルジピン注射液10mg",,"手術時・緊急時の高血圧, 急性心不全",,"注射用Ca拮抗剤",,,"ニカルジピン塩酸塩","成分への過敏症は禁忌。急性心不全では高度大動脈弁・僧帽弁狭窄、肥大型閉塞性心筋症、収縮期血圧90mmHg未満・心原性ショック、発症直後で状態不安定な重篤な急性心筋梗塞も禁忌。","L型Caチャネルを遮断して血管を拡張し血圧を低下させる。","麻痺性イレウス、低酸素血症、肺水腫・呼吸困難、狭心痛、血小板減少、肝機能障害・黄疸。","血圧・心拍数を連続観察し急激な低下を避ける。頭蓋内出血で止血未完成、脳卒中急性期で頭蓋内圧亢進では慎重に判断する。刺入部の血管痛・静脈炎を確認する。","PMDA 電子添文","https://www.pmda.go.jp/PmdaSearch/iyakuDetail/ResultDataSetPDF/171911_2149400A1027_2_03","2026-07-23","ペルジピン注射液10mg"
"ニトログリセリン注5mg",,"急性心不全, 不安定狭心症, 手術時の血圧調節",,"硝酸薬",,,"ニトログリセリン","硝酸・亜硝酸エステル系薬剤への過敏症、閉塞隅角緑内障、高度貧血、PDE5阻害薬・リオシグアト使用中は禁忌。","一酸化窒素を介して血管平滑筋を弛緩させ、主に静脈を拡張して心負荷を軽減する。","急激な血圧低下、心拍出量低下・心拍数増加、遷延性血圧低下、リバウンド現象。","血圧、心拍数、心電図、胸痛、頭痛を観察する。塩化ビニル製の輸液容器・セット等への吸着を考慮し、使用器具と投与速度を確認する。","PMDA 電子添文","https://www.pmda.go.jp/PmdaSearch/iyakuDetail/ResultDataSetPDF/470034_2171403G1040_1_02","2026-07-23","ニトログリセリン静注25mg/50mL RFIDシリンジ「テルモ」（代表製品）"
"ワソラン静注5mg",,"発作性上室性頻拍, 発作性心房細動, 発作性心房粗動",,"Ca拮抗性不整脈治療剤",,,"ベラパミル塩酸塩","成分過敏症、重篤な低血圧・心原性ショック、高度徐脈、洞房・第Ⅱ/Ⅲ度房室ブロック、重篤な心不全・心筋症、急性心筋梗塞は禁忌。静注β遮断薬、イバブラジン、ロミタピドと併用しない。","L型Caチャネルを遮断し、房室結節の伝導と心筋収縮を抑制する。","電子添文の「重大な副作用」欄に記載なし。血圧低下、徐脈、房室ブロック、洞停止、一過性心停止に注意する。","心電図を連続監視し、血圧を頻回測定する。徐脈・血圧低下や不整脈停止時は投与継続の要否を確認する。","PMDA 電子添文","https://www.pmda.go.jp/PmdaSearch/iyakuDetail/ResultDataSetPDF/170033_2129402A1040_1_12","2026-07-23","ワソラン静注5mg"
"ジゴシン注0.25mg",,"うっ血性心不全, 心房細動・粗動による頻脈, 発作性上室性頻拍, 手術・急性熱性疾患・分娩・ショック・急性中毒時の心不全や頻脈の予防・治療",,"ジギタリス配糖体製剤",,,"ジゴキシン","房室・洞房ブロック、ジギタリス中毒、閉塞性心筋疾患、成分・ジギタリス剤への過敏症、ジスルフィラム・シアナミド投与中は禁忌。腎機能・電解質異常に注意する。","心筋収縮力を増強し、房室伝導を抑制する。","ジギタリス中毒（不整脈等）、非閉塞性腸間膜虚血。","脈拍・心電図、悪心・嘔吐、視覚異常、腎機能、K・Mg・Ca、必要時血中濃度を確認する。","PMDA 電子添文","https://www.pmda.go.jp/PmdaSearch/iyakuDetail/ResultDataSetPDF/431010_2113400A1032_2_05","2026-07-23","ジゴシン注0.25mg"
"静注用キシロカイン2%（100mg/5mL）",,"心室性期外収縮・心室性頻拍, 心筋梗塞・手術時の心室性不整脈予防, 上室性期外収縮・上室性頻拍",,"抗不整脈剤（Naチャネル遮断薬）",,,"リドカイン塩酸塩","重篤な刺激伝導障害、アミド型局所麻酔薬への過敏症は禁忌。肝機能低下や高齢者では中毒症状に注意する。","心筋のNaチャネルを遮断し、異常な興奮と伝導を抑制する。","ショック、刺激伝導系抑制、心停止、痙攣・振戦・意識障害、悪性高熱。","心電図、血圧、意識状態、口周囲のしびれ・耳鳴・振戦など中毒の初期症状を観察する。静注用2%と点滴用10%を取り違えない。","PMDA 電子添文","https://www.pmda.go.jp/PmdaSearch/iyakuDetail/ResultDataSetPDF/112268_1214401A5022_2_03","2026-07-23","静注用キシロカイン2%"
"サンリズム注射液50",,"緊急治療を要する頻脈性不整脈",,"不整脈治療剤（Naチャネル遮断薬）",,,"ピルシカイニド塩酸塩水和物","うっ血性心不全、高度の房室ブロック・洞房ブロックは禁忌。腎機能障害では血中濃度上昇に注意する。","心筋のNaチャネルを遮断し、活動電位の最大立ち上がり速度を抑えて刺激伝導を遅延させる。","心室細動、心室頻拍、洞停止、完全房室ブロック、失神、心不全、急性腎障害。","心電図を連続監視し、QRS幅、脈拍、血圧、意識、腎機能を確認する。異常時は直ちに投与を中止できるよう準備する。","PMDA 電子添文","https://www.pmda.go.jp/PmdaSearch/iyakuDetail/ResultDataSetPDF/430574_2129408A1020_3_10","2026-07-23","サンリズム注射液50"
"ソル・コーテフ静注用500mg",,"出血性・外傷性ショックなど急性循環不全の救急, 気管支喘息",,"副腎皮質ホルモン剤",,,"ヒドロコルチゾンコハク酸エステルナトリウム","成分過敏症、男性の夜間頻尿に用いるデスモプレシン併用、免疫抑制量投与中の生・弱毒生ワクチンは禁忌。高用量は緩徐に投与する。","糖質コルチコイド受容体を介して抗炎症・抗アレルギー・免疫抑制作用を示す。","ショック・アナフィラキシー、重篤な感染症・PML、副腎皮質機能不全、骨粗鬆症・骨壊死、消化管穿孔・出血・潰瘍、ミオパチー、血栓症、頭蓋内圧亢進・痙攣、精神変調・うつ、糖尿病、緑内障・白内障、喘息発作、心破裂・心不全・心停止・循環性虚脱・不整脈、食道炎、カポジ肉腫、腱断裂。","感染徴候、血糖、血圧、電解質、消化器症状、精神状態を観察する。高用量時は投与速度と心電図を確認する。","PMDA 電子添文","https://www.pmda.go.jp/PmdaSearch/iyakuDetail/ResultDataSetPDF/672212_2452400D3052_3_05","2026-07-23","ソル・コーテフ静注用500mg"
"メプチンエアー10μg吸入100回",,"気管支喘息, 慢性気管支炎・肺気腫などの気道閉塞性障害",,"短時間作用型β2刺激薬（SABA）",,,"プロカテロール塩酸塩水和物","成分過敏症は禁忌。過度の使用で不整脈・心停止の危険があるため、定められた回数を超えない。","気管支平滑筋のβ2受容体を刺激して気管支を拡張する。","ショック、アナフィラキシー、重篤な血清カリウム値低下。","吸入前後の呼吸数、SpO2、呼吸音、脈拍、振戦を観察する。正しい吸入手技と使用回数を確認し、使用量増加や効果低下時は報告する。","PMDA 電子添文","https://www.pmda.go.jp/PmdaSearch/iyakuDetail/ResultDataSetPDF/180078_2259704G9033_1_09","2026-07-23","メプチンエアー10μg吸入100回"
"イソゾール注射用0.5g",,"全身麻酔, ECT時の麻酔, 痙攣の抑制",,"全身麻酔剤（バルビツール酸系）",,,"チアミラールナトリウム","ショック・大出血による循環不全、重症心不全、急性間欠性ポルフィリン症、アジソン病、重症気管支喘息、バルビツール酸系薬物過敏症は禁忌。","GABA受容体機能を増強して中枢神経を抑制し、超短時間の麻酔作用を示す。","ショック、呼吸停止・呼吸抑制。","酸素、吸引、気道確保・人工呼吸器具を準備し、呼吸、SpO2、血圧、脈拍、麻酔深度を観察する。高アルカリ性のため血管外漏出を防ぐ。","PMDA 電子添文","https://www.pmda.go.jp/PmdaSearch/iyakuDetail/ResultDataSetPDF/530169_1115403D3043_1_03","2026-07-23","イソゾール注射用0.5g"
"フルマゼニル注射液0.5mg",,"ベンゾジアゼピン系薬剤による鎮静・呼吸抑制の解除",,"ベンゾジアゼピン受容体拮抗剤",,,"フルマゼニル","本剤・ベンゾジアゼピン系薬剤への過敏症、ベンゾジアゼピンを長期投与中のてんかん患者は禁忌。再鎮静や離脱性痙攣に注意する。","ベンゾジアゼピン受容体に競合的に結合し、ベンゾジアゼピン系薬剤の作用に拮抗する。","ショック、アナフィラキシー。","意識、呼吸数、SpO2、血圧、脈拍を継続観察する。作用時間の差による再鎮静・再呼吸抑制と痙攣に備える。","PMDA 電子添文","https://www.pmda.go.jp/PmdaSearch/iyakuDetail/ResultDataSetPDF/670109_2219403A1035_1_06","2026-07-23","フルマゼニル注射液0.5mg「F」（代表製品）"
"ミダゾラム注射液10mg",,"麻酔前投薬・全身麻酔の導入・維持, 集中治療での鎮静, 歯科・口腔外科領域での処置時鎮静",,"催眠鎮静剤（ベンゾジアゼピン系）",,,"ミダゾラム","成分過敏症、重症筋無力症、急性閉塞隅角緑内障、ショック・昏睡・バイタル不良の急性アルコール中毒は禁忌。リトナビル等のHIVプロテアーゼ阻害薬、コビシスタット含有薬、ニルマトレルビル・リトナビル、ロナファルニブと併用しない。呼吸・循環を継続監視できる環境で使用する。","ベンゾジアゼピン受容体を介してGABAの抑制作用を増強する。","依存性、無呼吸・呼吸抑制・舌根沈下、アナフィラキシーショック、心停止、心室頻拍、悪性症候群。","気道確保・人工呼吸・蘇生器具を準備し、鎮静深度、呼吸数、SpO2、血圧、心電図を継続観察する。アルカリ性注射液との配合を避ける。","PMDA 電子添文","https://www.pmda.go.jp/PmdaSearch/iyakuDetail/ResultDataSetPDF/581120_1124401A1095_1_05","2026-07-23","ミダゾラム注射液10mg「NIG」（代表製品）"
"プロポフォール1%静注20mL",,"全身麻酔の導入・維持, 集中治療での人工呼吸中の鎮静",,"全身麻酔・鎮静用剤",,,"プロポフォール","成分過敏症は禁忌。集中治療での鎮静目的では小児等に投与しない。気道確保・人工呼吸・循環管理ができる環境で使用する。","詳細な機序は明確でないが、GABAを介する中枢抑制作用により麻酔・鎮静作用を示す。","低血圧、アナフィラキシー、気管支痙攣、無呼吸・舌根沈下、重篤な徐脈・不全収縮、心室頻拍、肺水腫、横紋筋融解症、悪性高熱類似症状、てんかん様体動、覚醒遅延。","気道、呼吸数、SpO2、血圧、心拍数、心電図、鎮静深度を継続観察する。無菌操作を徹底し、開封後は速やかに使用する。","PMDA 電子添文","https://www.pmda.go.jp/PmdaSearch/iyakuDetail/ResultDataSetPDF/530169_1119402A1073_1_07","2026-07-23","プロポフォール1%静注20mL「日医工」（代表製品）"
"ラシックス注20mg",,"高血圧症（本態性・腎性等）, 悪性高血圧, 心性・腎性・肝性浮腫, 脳浮腫, 尿路結石排出促進",,"ループ利尿剤",,,"フロセミド","無尿、肝性昏睡、明らかな低Na・低K血症、スルフォンアミド誘導体への過敏症、特定用途のデスモプレシン投与中は禁忌。静注は緩徐に行う。","ヘンレ係蹄上行脚のNa-K-2Cl共輸送体を阻害し利尿を促進する。","ショック・アナフィラキシー、重篤な血液障害、水疱性類天疱瘡、難聴、重篤な皮膚障害、torsade de pointes、間質性腎炎、間質性肺炎。","尿量、血圧、体重、浮腫、Na・K、腎機能を観察する。大量静注時は毎分4mg以下とし、聴覚障害にも注意する。","PMDA 電子添文","https://www.pmda.go.jp/PmdaSearch/iyakuDetail/ResultDataSetPDF/780069_2139401A2137_1_22","2026-07-23","ラシックス注20mg"
"カルチコール注射液8.5%10mL",,"低カルシウム血症によるテタニー・関連症状, 小児脂肪便でのカルシウム補給",,"カルシウム補給剤",,,"グルコン酸カルシウム水和物","高カルシウム血症、腎結石、重篤な腎不全は禁忌。強心配糖体との併用は治療上やむを得ない場合を除いて避け、併用時は心電図を監視する。急速静注を避ける。","血清カルシウムを上昇させ、神経筋興奮性の閾値を高める。","高カルシウム血症、結石症。","緩徐に静注し、心電図、脈拍、血圧、血清Ca、腎機能を観察する。血管外漏出による組織内石灰沈着に注意する。","PMDA 電子添文","https://www.pmda.go.jp/PmdaSearch/iyakuDetail/ResultDataSetPDF/530169_3213400A2047_2_04","2026-07-23","カルチコール注射液8.5%10mL"
"ジアゼパム注射液10mg",,"神経症の不安・緊張・抑うつ, 麻酔前・導入時・麻酔中・術後やアルコール離脱・分娩時の不安・興奮・抑うつの軽減, てんかん様重積状態・有機リン中毒・カーバメート中毒での痙攣抑制",,"抗不安・抗けいれん剤（ベンゾジアゼピン系）",,,"ジアゼパム","急性閉塞隅角緑内障、重症筋無力症、ショック・昏睡・バイタル不良の急性アルコール中毒、リトナビルまたはニルマトレルビル・リトナビル投与中は禁忌。","ベンゾジアゼピン受容体を介してGABAの抑制作用を増強する。","依存性、舌根沈下による気道閉塞、呼吸抑制、刺激興奮・錯乱、循環性ショック。","投与中は呼吸、SpO2、血圧、脈拍、意識を観察し気道確保に備える。急速静注と他の注射液との混合を避ける。","PMDA 電子添文","https://www.pmda.go.jp/PmdaSearch/iyakuDetail/ResultDataSetPDF/581120_1124402A2070_1_05","2026-07-23","ジアゼパム注射液10mg「NIG」（代表製品）"
"メイロン静注8.4%（250mLバッグ）",,"アシドーシス, 特定薬物中毒での排泄促進, 内耳障害などに伴う悪心・嘔吐・めまい, 急性蕁麻疹",,"炭酸水素ナトリウム製剤",,,"炭酸水素ナトリウム","心肺蘇生時は十分な換気を確保する。心不全、重症高血圧、浮腫、低Ca・低K血症、腎機能障害では水分・Na過剰や電解質悪化に注意する。Ca塩を含む製剤と配合しない。","重炭酸イオンを補給して酸を中和し、血液・尿のpHを上昇させる。","電子添文の「重大な副作用」欄に記載なし。過量でアルカローシス、高Na血症、低K血症、血液凝固時間延長、テタニー。","血液ガス、Na・K・Ca、循環・呼吸状態、投与部位を確認する。バッグ容量250mLを全量投与するとは限らないため、指示されたmL・mEq・投与速度を照合する。緩徐に投与し、血管外漏出と血管痛に注意する。","PMDA 医療用医薬品情報「メイロン静注8.4%」","https://www.pmda.go.jp/PmdaSearch/rdDetail/iyaku/3929400A7063_1?user=1","2026-07-23","メイロン静注8.4%（250mLバッグ）"
"ソルアセトF輸液（500mL）",,"循環血液量・組織間液減少時の細胞外液の補給・補正, 代謝性アシドーシスの補正",,"酢酸リンゲル液",,,"塩化ナトリウム・塩化カリウム・塩化カルシウム水和物・酢酸ナトリウム水和物","心不全、高張性脱水、尿量減少、腎機能障害では水分・電解質過剰に注意する。配合薬の変化を確認する。","細胞外液を補給し、酢酸が代謝されて重炭酸となりアシドーシスを補正する。","電子添文の「重大な副作用」欄に記載なし。大量・急速投与で脳浮腫、肺水腫、末梢浮腫。","循環・呼吸状態、血圧、尿量、体重、浮腫、電解質を観察し、投与速度と配合薬を確認する。容器の目盛りは目安として扱い、残液は使用しない。","PMDA 医療用医薬品情報「ソルアセトF輸液」","https://www.pmda.go.jp/PmdaSearch/rdDetail/iyaku/3319557A2036_1?user=1","2026-07-23","ソルアセトF輸液（500mL）"
"大塚生食注（500mL）",,"細胞外液欠乏・ナトリウム欠乏・クロール欠乏時の補給, 注射剤の溶解・希釈",,"生理食塩液",,,"塩化ナトリウム","心臓・循環器系機能障害や腎機能障害では、循環血液量増加、水分・NaCl過剰による症状悪化に注意する。","細胞外液とほぼ等張の水・Na・Clを補給し、有効細胞外液量の維持と循環機能の安定化に用いる。","電子添文の「重大な副作用」欄に記載なし。大量・急速投与で血清電解質異常、うっ血性心不全、浮腫、アシドーシス。","循環・呼吸状態、血圧、尿量、体重、浮腫、Na・Clを観察し、投与速度を確認する。溶解・希釈に用いる場合は薬剤との適合性を確認し、残液は使用しない。","PMDA 医療用医薬品情報「大塚生食注」","https://www.pmda.go.jp/PmdaSearch/rdDetail/iyaku/3311401A2026_1?user=1","2026-07-23","大塚生食注（500mL袋）"
"ソルデム1輸液（500mL）",,"脱水症・病態不明時の水分・電解質の初期補給, 手術前後の水分・電解質補給",,"ブドウ糖・電解質液（開始液）",,,"ブドウ糖・塩化ナトリウム・L-乳酸ナトリウム","高乳酸血症の患者には投与しない。糖尿病、心不全、尿量減少、腎機能障害、重篤な肝障害では血糖上昇や水分・電解質過剰、高乳酸血症に注意する。","水分・Na・Cl・乳酸とブドウ糖を補給する開始液。乳酸は体内で代謝され、酸塩基平衡の維持に関与する。","電子添文の「重大な副作用」欄に記載なし。大量・急速投与で脳浮腫、肺水腫、末梢浮腫。","循環・呼吸状態、血圧、尿量、体重、浮腫、血糖、電解質、乳酸、肝・腎機能を観察し、投与速度を確認する。容器の目盛りは目安として扱い、残液は使用しない。","PMDA 医療用医薬品情報「ソルデム1輸液」","https://www.pmda.go.jp/PmdaSearch/rdDetail/iyaku/3319500A3067_1?user=1","2026-07-23","ソルデム1輸液（500mL）"
